Nodes,P_dispo
N1,0.98
N2,0.941
N3,0.9116
N4,0.8764
N5,0.93286
N6,0.901104
N7,0.876852
N8,0.919787
N9,0.86945264
