Nodes,Availability
N1,0.98
N2,0.941
N3,0.9116
N4,0.8764
N5,0.93286
N6,0.901104
N7,0.876852
N8,0.919787
N9,0.86945264
N10,0.879
N11,0.859
N12,0.849
N13,0.839
N14,0.829
